,월,일,SH-4 특고압,H-M MAIN,HO-M MAIN,HN-M MAIN,H-1,H-2,H-3,H-4,H-5,H-6,H-7,HO-1,HO-2,HO-3,HN-1 (상),HN-1 (하),HN-2 (상),HN-2 (하),HN-3 (상),,,,,,,,,,,,,,,,,,,,,
,1월,01일,7443,95181,4247,4707,3814,3922,3705,3925,***,4272,3762,3973,3722,3859,4043,3825,4043,3668,3902,,,평균,최댓값,최솟값,,,,,,,,,,,,,,,,
,,02일,8848,96586,5652,6112,5219,5327,5110,5330,***,5676,5166,5378,5127,5264,5448,5230,5448,5073,5307,,2023년,3895.210145,100000,0,,,,,,,,,,,,,,,,
,,03일,10000,97990,7057,7517,6623,6731,6514,6734,***,7081,6571,6783,6532,6669,6853,6635,6853,6478,6712,,,,,,,,,,,,,,,,,,,,,
,,04일,1656,99395,8462,8922,8028,8136,7919,8139,***,8486,7976,8188,7937,8074,8258,8040,8257,7882,8116,,,,,,,,,,,,,,,,,,,,,
,,05일,3061,100000,9866,10000,9433,9541,9324,9544,***,9891,9381,9592,9341,9478,9662,9444,9662,9287,9521,,,변압기 관리 코드,,,,,,,,,,,,,,,,,,
,,06일,4465,2203,10000,1730,10000,10000,10000,10000,***,10000,10000,10000,10000,10000,10000,10000,10000,10000,10000,,,SH-4 특고압,H-M MAIN,HO-M MAIN,HN-M MAIN,H-1,H-2,H-3,H-4,H-5,H-6,H-7,HO-1,HO-2,HO-3,HN-1 (상),HN-1 (하),HN-2 (상),HN-2 (하),HN-3 (상)
,,07일,5870,3608,2675,3134,2241,2349,2132,2352,***,2699,2189,2400,2149,2286,2470,2252,2470,2095,2329,,합계,2290175,5916194,880184,1192103,719764,765863,645680,768441,0,859220,703534,754377,693344,765998,788137,722725,788137,627500,781467
,,08일,7275,5013,4079,4539,3645,3753,3536,3756,***,4103,3593,3805,3554,3691,3875,3657,3875,3500,3734,,평균,6256.75,16105.58333,2405.083333,3254.916667,1965.583333,2091.75,1763.916667,2099.166667,0,2348,1920.916667,2061.083333,1892.833333,2093.916667,2153.25,1973.5,2153.25,1714.25,2134.166667
,,09일,8678,6416,5482,5942,5049,5157,4940,5160,***,5507,4997,5208,4957,5094,5278,5060,5278,4903,5137,,최댓값,10000,100000,10000,10000,10000,10000,10000,10000,0,10000,10000,10000,10000,10000,10000,10000,10000,10000,10000
,,10일,10000,7819,6885,7345,6452,6559,6342,6562,***,6909,6399,6611,6360,6497,6681,6463,6681,6306,6540,,최솟값,0,0,0,0,0,0,0,0,0,0,0,0,0,0,0,0,0,0,0
,,11일,1483,9222,8289,8749,7855,7963,7746,7966,***,8313,7803,8015,7764,7901,8085,7867,8085,7710,7943,,,,,,,,,,,,,,,,,,,,,
,,12일,2888,10627,9693,10000,9260,9368,9150,9370,***,9717,9207,9419,9168,9305,9489,9271,9489,9114,9348,,,,,,,,,,,,,,,,,,,,,
,,13일,4293,12032,10000,1558,10000,10000,10000,10000,***,10000,10000,10000,10000,10000,10000,10000,10000,10000,10000,,,,,,,,,,,,,,,,,,,,,
,,14일,5699,13438,2503,2963,2070,2178,1961,2181,***,2528,2018,2229,1978,2115,2299,2081,2299,1924,2158,,,,,,,,,,,,,,,,,,,,,
,,15일,7105,14844,3909,4369,3476,3584,3367,3587,***,3933,3423,3635,3384,3521,3705,3487,3705,3330,3564,,,,,,,,,,,,,,,,,,,,,
,,16일,8510,16249,5314,5774,4881,4989,4772,4992,***,5338,4828,5040,4789,4926,5110,4892,5110,4735,4969,,,,,,,,,,,,,,,,,,,,,
,,17일,9915,17654,6719,7179,6286,6394,6177,6397,***,6743,6233,6445,6194,6331,6515,6297,6515,6140,6374,,,,,,,,,,,,,,,,,,,,,
,,18일,10000,19058,8123,8583,7690,7798,7581,7801,***,8148,7637,7849,7598,7735,7919,7701,7919,7544,7778,,,,,,,,,,,,,,,,,,,,,
,,19일,2722,20462,9527,9987,9094,9202,8985,9205,***,9551,9041,9253,9002,9139,9323,9105,9323,8948,9182,,,,,,,,,,,,,,,,,,,,,
,,20일,4127,21867,10000,10000,10000,10000,10000,10000,***,10000,10000,10000,10000,10000,10000,10000,10000,10000,10000,,,,,,,,,,,,,,,,,,,,,
,,21일,5531,23271,2336,2795,1902,2010,1793,2013,***,2360,1850,2062,1811,1948,2131,1913,2131,1756,1990,,,,,,,,,,,,,,,,,,,,,
,,22일,6935,24675,3739,4199,3306,3414,3197,3417,***,3764,3254,3465,3214,3351,3535,3317,3535,3160,3394,,,,,,,,,,,,,,,,,,,,,
,,23일,8339,26079,5143,5603,4709,4817,4600,4820,***,5167,4657,4869,4618,4755,4939,4721,4939,4564,4798,,,,,,,,,,,,,,,,,,,,,
,,24일,9742,27482,6547,7006,6113,6221,6004,6224,***,6571,6061,6273,6022,6159,6342,6124,6342,5967,6201,,,,,,,,,,,,,,,,,,,,,
,,25일,10000,28885,7949,8409,7516,7624,7406,7626,***,7973,7463,7675,7424,7561,7745,7527,7745,7370,7604,,,,,,,,,,,,,,,,,,,,,
,,26일,2550,30291,9355,9815,8922,9030,8813,9033,***,9380,8870,9081,8830,8967,9151,8933,9151,8776,9010,,,,,,,,,,,,,,,,,,,,,
,,27일,3955,31696,10000,10000,10000,10000,10000,10000,***,10000,10000,10000,10000,10000,10000,10000,10000,10000,10000,,,,,,,,,,,,,,,,,,,,,
,,28일,4774,32515,1579,2039,1145,1253,1036,1256,***,1603,1093,1305,1054,1191,1375,1157,1375,1000,1234,,,,,,,,,,,,,,,,,,,,,
,,29일,***,***,***,***,***,***,***,***,***,***,***,***,***,***,***,***,***,***,***,,,,,,,,,,,,,,,,,,,,,
,,30일,3791,1520,595,1055,161,270,53,273,***,620,110,321,69,206,391,172,391,16,250,,,,,,,,,,,,,,,,,,,,,
,,31일,***,***,***,***,***,***,***,***,***,***,***,***,***,***,***,***,***,***,***,,,,,,,,,,,,,,,,,,,,,
,,평균값,4937,28299,4880,4888,4871,***,***,***,***,***,***,***,***,***,***,***,***,***,***,,,,,,,,,,,,,,,,,,,,,
,,최대값,10000,100000,10000,10000,10000,10000,10000,10000,***,10000,10000,10000,10000,10000,10000,10000,10000,10000,10000,,,,,,,,,,,,,,,,,,,,,
,,최소값,0,0,0,0,0,0,0,0,***,0,0,0,0,0,0,0,0,0,0,,,,,,,,,,,,,,,,,,,,,
,2월,01일,***,***,***,***,***,***,***,***,***,***,***,***,***,***,***,***,***,***,***,,,,,,,,,,,,,,,,,,,,,
,,02일,***,***,***,***,***,***,***,***,***,***,***,***,***,***,***,***,***,***,***,,,,,,,,,,,,,,,,,,,,,
,,03일,3791,1520,595,1055,161,270,53,273,***,620,110,321,69,206,391,172,391,16,250,,,,,,,,,,,,,,,,,,,,,
,,04일,3791,1520,595,1055,161,270,53,273,***,620,110,321,69,206,391,172,391,16,250,,,,,,,,,,,,,,,,,,,,,
,,05일,3791,1520,595,1055,161,270,53,273,***,620,110,321,69,206,391,172,391,16,250,,,,,,,,,,,,,,,,,,,,,
,,06일,***,***,***,***,***,***,***,***,***,***,***,***,***,***,***,***,***,***,***,,,,,,,,,,,,,,,,,,,,,
,,07일,***,***,***,***,***,***,***,***,***,***,***,***,***,***,***,***,***,***,***,,,,,,,,,,,,,,,,,,,,,
,,08일,3791,1520,595,1055,161,270,53,273,***,620,110,321,69,206,391,172,391,16,250,,,,,,,,,,,,,,,,,,,,,
,,09일,3791,1520,595,1055,161,270,53,273,***,620,110,321,69,206,391,172,391,16,250,,,,,,,,,,,,,,,,,,,,,
,,10일,3791,1520,595,1055,161,270,53,273,***,620,110,321,69,206,391,172,391,16,250,,,,,,,,,,,,,,,,,,,,,
,,11일,3791,1520,595,1055,161,270,53,273,***,620,110,321,69,206,391,172,391,16,250,,,,,,,,,,,,,,,,,,,,,
,,12일,3791,1520,595,1055,161,270,53,273,***,620,110,321,69,206,391,172,391,16,250,,,,,,,,,,,,,,,,,,,,,
,,13일,3791,1520,595,1055,161,270,53,273,***,620,110,321,69,206,391,172,391,16,250,,,,,,,,,,,,,,,,,,,,,
,,14일,3791,1520,595,1055,161,270,53,273,***,620,110,321,69,206,391,172,391,16,250,,,,,,,,,,,,,,,,,,,,,
,,15일,3791,1520,595,1055,161,270,53,273,***,620,110,321,69,206,391,172,391,16,250,,,,,,,,,,,,,,,,,,,,,
,,16일,3791,1520,595,1055,161,270,53,273,***,620,110,321,69,206,391,172,391,16,250,,,,,,,,,,,,,,,,,,,,,
,,17일,***,***,***,***,***,***,***,***,***,***,***,***,***,***,***,***,***,***,***,,,,,,,,,,,,,,,,,,,,,
,,18일,***,***,***,***,***,***,***,***,***,***,***,***,***,***,***,***,***,***,***,,,,,,,,,,,,,,,,,,,,,
,,19일,***,***,***,***,***,***,***,***,***,***,***,***,***,***,***,***,***,***,***,,,,,,,,,,,,,,,,,,,,,
,,20일,***,***,***,***,***,***,***,***,***,***,***,***,***,***,***,***,***,***,***,,,,,,,,,,,,,,,,,,,,,
,,21일,***,***,***,***,***,***,***,***,***,***,***,***,***,***,***,***,***,***,***,,,,,,,,,,,,,,,,,,,,,
,,22일,***,***,***,***,***,***,***,***,***,***,***,***,***,***,***,***,***,***,***,,,,,,,,,,,,,,,,,,,,,
,,23일,***,***,***,***,***,***,***,***,***,***,***,***,***,***,***,***,***,***,***,,,,,,,,,,,,,,,,,,,,,
,,24일,***,***,***,***,***,***,***,***,***,***,***,***,***,***,***,***,***,***,***,,,,,,,,,,,,,,,,,,,,,
,,25일,***,***,***,***,***,***,***,***,***,***,***,***,***,***,***,***,***,***,***,,,,,,,,,,,,,,,,,,,,,
,,26일,***,***,***,***,***,***,***,***,***,***,***,***,***,***,***,***,***,***,***,,,,,,,,,,,,,,,,,,,,,
,,27일,***,***,***,***,***,***,***,***,***,***,***,***,***,***,***,***,***,***,***,,,,,,,,,,,,,,,,,,,,,
,,28일,***,***,***,***,***,***,***,***,***,***,***,***,***,***,***,***,***,***,***,,,,,,,,,,,,,,,,,,,,,
,,평균값,3791,1520,595,1055,161,***,***,***,***,***,***,***,***,***,***,***,***,***,***,,,,,,,,,,,,,,,,,,,,,
,,최대값,3791,1520,595,1055,161,270,53,273,***,620,110,321,69,206,391,172,391,16,250,,,,,,,,,,,,,,,,,,,,,
,,최소값,3791,1520,595,1055,161,270,53,273,***,620,110,321,69,206,391,172,391,16,250,,,,,,,,,,,,,,,,,,,,,
,3월,01일,***,***,***,***,***,***,***,***,***,***,***,***,***,***,***,***,***,***,***,,,,,,,,,,,,,,,,,,,,,
,,02일,***,***,***,***,***,***,***,***,***,***,***,***,***,***,***,***,***,***,***,,,,,,,,,,,,,,,,,,,,,
,,03일,5075,2236,930,1675,294,427,95,632,***,713,235,361,177,473,557,225,557,48,515,,,,,,,,,,,,,,,,,,,,,
,,04일,3226,1322,579,1134,143,303,61,419,***,511,133,280,126,234,339,184,339,38,324,,,,,,,,,,,,,,,,,,,,,
,,05일,2808,1166,526,1096,114,299,53,307,***,486,128,286,127,190,330,191,330,24,307,,,,,,,,,,,,,,,,,,,,,
,,06일,5110,2229,921,1734,290,472,104,626,***,716,249,391,216,445,520,224,520,45,590,,,,,,,,,,,,,,,,,,,,,
,,07일,4871,2081,905,1650,282,467,105,516,***,684,224,374,190,432,481,224,481,172,559,,,,,,,,,,,,,,,,,,,,,
,,08일,4469,1954,828,1528,269,439,97,485,***,670,222,358,184,381,444,199,444,46,524,,,,,,,,,,,,,,,,,,,,,
,,09일,4770,2021,907,1615,293,458,108,538,***,695,232,377,176,426,483,223,483,39,546,,,,,,,,,,,,,,,,,,,,,
,,10일,4213,1771,825,1345,276,381,84,424,***,605,188,343,164,397,401,251,401,21,424,,,,,,,,,,,,,,,,,,,,,
,,11일,2755,1101,513,999,111,259,45,338,***,432,118,264,141,198,287,224,287,19,248,,,,,,,,,,,,,,,,,,,,,
,,12일,2899,1210,500,1159,120,289,63,314,***,492,146,264,125,192,373,244,373,20,283,,,,,,,,,,,,,,,,,,,,,
,,13일,5421,2353,963,1829,328,503,128,639,***,703,251,377,195,465,535,277,535,48,612,,,,,,,,,,,,,,,,,,,,,
,,14일,5082,2228,907,1715,294,517,124,594,***,662,229,374,184,440,501,265,501,47,573,,,,,,,,,,,,,,,,,,,,,
,,15일,4742,2046,897,1638,289,487,90,483,***,655,221,357,187,446,492,250,492,41,550,,,,,,,,,,,,,,,,,,,,,
,,16일,5083,2236,908,1754,292,484,106,651,***,661,249,356,199,435,484,255,484,51,604,,,,,,,,,,,,,,,,,,,,,
,,17일,4660,1976,871,1542,283,416,114,545,***,634,199,339,184,402,454,249,454,41,472,,,,,,,,,,,,,,,,,,,,,
,,18일,3031,1223,538,1090,132,299,46,336,***,456,155,262,117,229,358,227,358,12,265,,,,,,,,,,,,,,,,,,,,,
,,19일,2766,1185,491,1120,134,275,54,276,***,472,154,247,115,170,343,233,343,13,273,,,,,,,,,,,,,,,,,,,,,
,,20일,4878,2063,878,1696,283,464,100,571,***,625,236,362,181,425,495,265,495,14,555,,,,,,,,,,,,,,,,,,,,,
,,21일,4501,1866,857,1541,255,427,73,481,***,595,208,334,185,408,479,226,479,14,507,,,,,,,,,,,,,,,,,,,,,
,,22일,4130,1785,764,1395,252,375,88,414,***,606,201,345,137,344,416,225,416,14,478,,,,,,,,,,,,,,,,,,,,,
,,23일,3853,1602,738,1324,234,337,70,357,***,553,183,351,162,298,394,223,394,13,408,,,,,,,,,,,,,,,,,,,,,
,,24일,3817,1579,721,1295,220,360,82,350,***,538,175,348,145,316,386,217,386,13,403,,,,,,,,,,,,,,,,,,,,,
,,25일,2603,1080,464,975,92,260,33,312,***,440,135,240,101,178,266,200,266,11,245,,,,,,,,,,,,,,,,,,,,,
,,26일,2563,1021,469,1037,111,263,38,225,***,430,134,275,129,158,313,201,313,12,256,,,,,,,,,,,,,,,,,,,,,
,,27일,4442,1868,811,1518,267,410,79,475,***,628,201,329,165,427,421,249,421,14,493,,,,,,,,,,,,,,,,,,,,,
,,28일,3909,1552,730,1396,254,328,54,323,***,566,165,336,148,311,459,234,459,15,386,,,,,,,,,,,,,,,,,,,,,
,,29일,3780,1490,687,1375,257,305,61,314,***,527,172,325,143,292,400,244,400,14,383,,,,,,,,,,,,,,,,,,,,,
,,30일,3731,1434,693,1348,229,300,64,299,***,530,168,353,147,279,381,243,381,17,348,,,,,,,,,,,,,,,,,,,,,
,,31일,3474,1338,694,1261,267,286,52,261,***,501,146,324,127,306,356,252,356,99,320,,,,,,,,,,,,,,,,,,,,,
,,평균값,2930,1144,496,1063,130,***,***,***,***,***,***,***,***,***,***,***,***,***,***,,,,,,,,,,,,,,,,,,,,,
,,최대값,5421,2353,963,1829,328,517,128,651,***,716,251,391,216,473,557,277,557,172,612,,,,,,,,,,,,,,,,,,,,,
,,최소값,1872,100,264,735,61,118,10,93,***,277,48,136,30,73,199,124,199,1,146,,,,,,,,,,,,,,,,,,,,,
,4월,01일,2474,915,434,938,95,214,25,221,***,378,103,253,95,141,268,189,268,12,212,,,,,,,,,,,,,,,,,,,,,
,,02일,2306,908,393,989,109,216,24,170,***,391,102,249,86,117,278,219,278,13,215,,,,,,,,,,,,,,,,,,,,,
,,03일,3634,1442,644,1310,237,311,53,254,***,574,157,344,139,244,381,246,381,12,330,,,,,,,,,,,,,,,,,,,,,
,,04일,3526,1400,661,1253,234,298,49,239,***,525,145,337,119,245,364,227,364,14,327,,,,,,,,,,,,,,,,,,,,,
,,05일,3742,1485,686,1343,222,309,53,300,***,531,180,346,124,275,394,238,394,24,367,,,,,,,,,,,,,,,,,,,,,
,,06일,3783,1494,712,1333,252,271,49,311,***,541,181,347,119,287,415,202,415,32,362,,,,,,,,,,,,,,,,,,,,,
,,07일,3502,1318,678,1274,221,241,49,282,***,499,146,332,126,279,383,243,383,12,316,,,,,,,,,,,,,,,,,,,,,
,,08일,2608,947,435,1011,92,193,31,219,***,402,127,241,116,148,283,223,283,11,227,,,,,,,,,,,,,,,,,,,,,
,,09일,2396,925,420,1017,107,180,26,189,***,407,132,247,89,125,293,222,293,11,240,,,,,,,,,,,,,,,,,,,,,
,,10일,3662,1426,679,1336,250,268,54,277,***,521,185,324,149,275,411,194,411,14,368,,,,,,,,,,,,,,,,,,,,,
,,11일,3884,1497,723,1401,251,283,51,298,***,551,189,354,133,291,413,205,413,35,385,,,,,,,,,,,,,,,,,,,,,
,,12일,3679,1414,686,1320,257,255,60,306,***,521,175,326,130,280,398,194,398,14,374,,,,,,,,,,,,,,,,,,,,,
,,13일,3676,1423,659,1357,265,249,52,301,***,518,174,329,153,263,402,202,402,14,379,,,,,,,,,,,,,,,,,,,,,
,,14일,3424,1312,640,1205,246,238,45,266,***,507,149,322,132,260,372,204,372,11,323,,,,,,,,,,,,,,,,,,,,,
,,15일,2651,983,450,1096,102,201,29,234,***,390,124,249,100,151,303,221,303,11,251,,,,,,,,,,,,,,,,,,,,,
,,16일,2491,957,440,1055,108,191,30,210,***,398,126,259,92,130,307,212,307,12,252,,,,,,,,,,,,,,,,,,,,,
,,17일,3589,1365,679,1338,232,245,52,263,***,509,169,330,129,280,403,239,403,14,353,,,,,,,,,,,,,,,,,,,,,
,,18일,3669,1413,659,1364,270,260,53,264,***,524,183,319,127,274,407,242,407,16,353,,,,,,,,,,,,,,,,,,,,,
,,19일,3483,1269,640,1309,227,238,69,241,***,492,167,339,114,243,399,238,399,12,330,,,,,,,,,,,,,,,,,,,,,
,,20일,3497,1307,639,1293,224,236,58,242,***,512,162,328,140,245,387,242,387,14,329,,,,,,,,,,,,,,,,,,,,,
,,21일,3260,1230,590,1209,204,226,61,224,***,502,146,301,107,234,366,245,366,13,309,,,,,,,,,,,,,,,,,,,,,
,,22일,2439,910,412,956,95,175,27,194,***,410,108,217,124,146,263,214,263,11,215,,,,,,,,,,,,,,,,,,,,,
,,23일,2311,858,418,972,105,165,26,170,***,393,111,226,104,122,275,214,275,12,217,,,,,,,,,,,,,,,,,,,,,
,,24일,3563,1364,637,1327,213,244,63,233,***,571,158,321,137,247,386,250,386,15,342,,,,,,,,,,,,,,,,,,,,,
,,25일,3729,1390,676,1391,242,251,65,259,***,525,174,328,134,287,390,247,390,12,356,,,,,,,,,,,,,,,,,,,,,
,,26일,3702,1390,664,1383,244,241,71,279,***,522,180,321,113,993,402,253,402,13,374,,,,,,,,,,,,,,,,,,,,,
,,27일,3631,1369,653,1328,223,242,65,250,***,531,171,333,144,261,386,237,386,16,353,,,,,,,,,,,,,,,,,,,,,
,,28일,2624,974,499,1130,97,193,53,183,***,431,140,273,88,182,329,236,329,11,249,,,,,,,,,,,,,,,,,,,,,
,,29일,2464,920,412,981,90,170,25,219,***,404,116,244,87,153,282,208,282,17,220,,,,,,,,,,,,,,,,,,,,,
,,30일,2294,848,398,999,92,162,24,168,***,393,119,235,83,118,290,218,290,13,234,,,,,,,,,,,,,,,,,,,,,
,,평균값,2489,901,418,966,110,9877,9971,9908,***,9893,9974,9911,9957,9812,9934,9966,9934,9913,9914,,,,,,,,,,,,,,,,,,,,,
,,최대값,3884,1497,723,1401,270,311,71,311,***,574,189,354,153,993,415,253,415,35,385,,,,,,,,,,,,,,,,,,,,,
,,최소값,1763,609,262,686,59,10,9,79,***,255,43,146,27,72,192,121,192,4,140,,,,,,,,,,,,,,,,,,,,,
,5월,01일,3509,1325,633,1304,222,247,47,265,***,511,173,325,143,258,393,216,393,14,351,,,,,,,,,,,,,,,,,,,,,
,,02일,3522,1344,640,1296,233,249,61,244,***,529,173,325,134,257,394,201,394,12,353,,,,,,,,,,,,,,,,,,,,,
,,03일,3581,1364,639,1291,223,258,60,248,***,559,164,336,139,238,403,229,403,12,334,,,,,,,,,,,,,,,,,,,,,
,,04일,3633,1388,656,1324,198,243,62,266,***,574,164,353,136,242,404,216,404,11,352,,,,,,,,,,,,,,,,,,,,,
,,05일,2321,908,404,949,106,180,36,163,***,417,120,253,77,124,296,179,296,10,200,,,,,,,,,,,,,,,,,,,,,
,,06일,2404,902,405,901,91,181,25,191,***,405,124,226,82,135,279,174,279,10,200,,,,,,,,,,,,,,,,,,,,,
,,07일,2230,878,398,942,96,161,22,165,***,417,125,237,85,126,280,181,280,11,207,,,,,,,,,,,,,,,,,,,,,
,,08일,3566,1393,630,1293,219,256,81,249,***,565,165,320,131,256,405,207,405,12,323,,,,,,,,,,,,,,,,,,,,,
,,09일,3591,1425,632,1268,219,265,70,253,***,580,162,327,137,240,394,212,394,12,324,,,,,,,,,,,,,,,,,,,,,
,,10일,3653,1483,641,1260,214,301,80,271,***,595,179,346,122,238,377,228,377,14,340,,,,,,,,,,,,,,,,,,,,,
,,11일,3787,1506,661,1309,226,283,71,278,***,633,154,338,139,249,395,225,395,12,349,,,,,,,,,,,,,,,,,,,,,
,,12일,3469,1355,612,1237,198,274,70,240,***,549,149,329,103,229,365,240,365,13,320,,,,,,,,,,,,,,,,,,,,,
,,13일,2725,1045,442,1010,111,190,39,235,***,492,123,259,105,144,277,178,277,10,269,,,,,,,,,,,,,,,,,,,,,
,,14일,2416,998,407,1010,113,221,41,162,***,444,122,250,85,122,296,220,296,12,237,,,,,,,,,,,,,,,,,,,,,
,,15일,4062,1594,739,1405,215,339,81,288,***,651,160,444,120,243,406,221,406,15,373,,,,,,,,,,,,,,,,,,,,,
,,16일,4537,1848,776,1565,233,403,76,362,***,767,162,408,151,259,476,243,476,13,426,,,,,,,,,,,,,,,,,,,,,
,,17일,4931,2039,927,1694,243,502,91,419,***,753,175,546,156,334,519,273,519,13,492,,,,,,,,,,,,,,,,,,,,,
,,18일,4659,1878,882,1585,232,422,69,399,***,745,184,474,151,303,505,239,505,13,471,,,,,,,,,,,,,,,,,,,,,
,,19일,4465,1721,858,1519,216,376,75,376,***,683,161,465,152,302,484,247,484,12,422,,,,,,,,,,,,,,,,,,,,,
,,20일,3176,1228,484,1110,115,269,38,290,***,558,128,273,100,182,337,197,337,12,284,,,,,,,,,,,,,,,,,,,,,
,,21일,2534,1013,442,1023,106,229,30,197,***,438,128,255,103,128,323,190,323,12,239,,,,,,,,,,,,,,,,,,,,,
,,22일,4587,1838,852,1538,223,431,78,392,***,716,162,468,163,299,467,257,467,13,443,,,,,,,,,,,,,,,,,,,,,
,,23일,4771,1924,853,1604,233,448,66,373,***,758,185,459,165,297,487,246,487,14,476,,,,,,,,,,,,,,,,,,,,,
,,24일,4612,1864,827,1557,231,424,81,383,***,729,165,448,144,278,467,243,467,16,448,,,,,,,,,,,,,,,,,,,,,
,,25일,4683,1950,838,1625,226,458,78,410,***,720,173,469,169,284,481,279,481,13,460,,,,,,,,,,,,,,,,,,,,,
,,26일,4527,1776,855,1502,246,404,74,359,***,670,155,477,141,302,482,227,482,12,412,,,,,,,,,,,,,,,,,,,,,
,,27일,2687,1027,471,1080,97,253,34,215,***,440,118,270,107,149,329,188,329,11,257,,,,,,,,,,,,,,,,,,,,,
,,28일,2603,1015,448,1070,111,240,39,201,***,446,134,265,102,134,332,182,332,10,252,,,,,,,,,,,,,,,,,,,,,
,,29일,3429,1399,670,1317,135,377,41,307,***,548,134,418,140,177,394,215,394,12,351,,,,,,,,,,,,,,,,,,,,,
,,30일,5463,2298,954,1844,263,548,73,510,***,851,208,513,175,327,571,265,571,14,534,,,,,,,,,,,,,,,,,,,,,
,,31일,5099,2128,907,1716,278,524,86,467,***,796,185,482,158,317,524,257,524,15,498,,,,,,,,,,,,,,,,,,,,,
,,평균값,2734,1020,458,1019,114,361,62,299,***,402,65,247,74,199,234,39,234,3,264,,,,,,,,,,,,,,,,,,,,,
,,최대값,5463,2298,954,1844,278,548,91,510,***,851,208,546,175,334,571,279,571,16,534,,,,,,,,,,,,,,,,,,,,,
,,최소값,1744,626,266,687,60,87,9,81,***,280,48,151,26,68,203,122,203,4,138,,,,,,,,,,,,,,,,,,,,,
,6월,01일,5007,2112,907,1632,241,490,84,496,***,804,185,486,162,333,489,287,489,30,479,,,,,,,,,,,,,,,,,,,,,
,,02일,4598,1857,841,1532,292,427,91,377,***,686,169,439,158,314,486,247,486,13,411,,,,,,,,,,,,,,,,,,,,,
,,03일,3544,1429,619,1214,105,341,48,371,***,577,127,376,110,191,369,208,369,11,328,,,,,,,,,,,,,,,,,,,,,
,,04일,3233,1341,588,1210,98,342,54,307,***,525,131,389,103,160,370,216,370,11,310,,,,,,,,,,,,,,,,,,,,,
,,05일,4865,1955,858,1616,239,476,89,416,***,724,176,461,156,297,510,248,510,13,446,,,,,,,,,,,,,,,,,,,,,
,,06일,3381,1395,652,1280,120,366,52,327,***,558,134,392,129,174,405,225,405,12,325,,,,,,,,,,,,,,,,,,,,,
,,07일,4932,2047,872,1614,245,495,96,434,***,758,176,454,153,311,472,251,472,28,479,,,,,,,,,,,,,,,,,,,,,
,,08일,4601,1880,846,1543,301,438,98,392,***,683,164,437,162,308,481,258,481,13,423,,,,,,,,,,,,,,,,,,,,,
,,09일,4665,1909,853,1604,228,422,93,397,***,749,162,468,153,290,492,259,492,23,424,,,,,,,,,,,,,,,,,,,,,
,,10일,3545,1420,596,1221,106,348,42,349,***,690,133,373,97,194,389,212,389,29,339,,,,,,,,,,,,,,,,,,,,,
,,11일,3366,1397,580,1301,101,379,44,312,***,601,131,377,99,146,417,212,417,10,303,,,,,,,,,,,,,,,,,,,,,
,,12일,4774,1888,869,1616,258,438,101,344,***,686,168,460,157,312,517,253,517,38,441,,,,,,,,,,,,,,,,,,,,,
,,13일,4806,1994,853,1595,254,483,92,356,***,812,180,459,149,297,514,268,514,14,444,,,,,,,,,,,,,,,,,,,,,
,,14일,4723,1924,839,1628,299,439,97,401,***,707,172,454,163,296,525,256,525,13,463,,,,,,,,,,,,,,,,,,,,,
,,15일,4708,1904,851,1574,226,433,98,382,***,748,159,456,143,307,503,249,503,32,418,,,,,,,,,,,,,,,,,,,,,
,,16일,4726,1905,825,1621,331,493,102,407,***,681,154,458,152,285,506,282,506,32,437,,,,,,,,,,,,,,,,,,,,,
,,17일,3332,1281,562,1210,161,315,42,247,***,539,133,364,110,160,374,208,374,35,318,,,,,,,,,,,,,,,,,,,,,
,,18일,3082,1219,442,1191,101,323,49,281,***,501,129,256,99,144,401,215,401,26,273,,,,,,,,,,,,,,,,,,,,,
,,19일,5499,2114,999,1987,270,508,126,415,***,755,210,578,168,325,611,334,611,43,560,,,,,,,,,,,,,,,,,,,,,
,,20일,4387,1740,783,1563,242,419,99,336,***,663,161,431,138,274,500,248,500,40,421,,,,,,,,,,,,,,,,,,,,,
,,21일,4578,1828,839,1667,238,452,102,353,***,709,157,448,144,274,503,253,503,38,465,,,,,,,,,,,,,,,,,,,,,
,,22일,4725,1861,826,1689,280,437,100,359,***,739,177,450,149,294,543,267,543,42,473,,,,,,,,,,,,,,,,,,,,,
,,23일,4718,1857,826,1671,249,438,111,321,***,739,159,450,147,275,518,286,518,43,443,,,,,,,,,,,,,,,,,,,,,
,,24일,3091,1188,600,1248,119,332,39,222,***,486,119,359,109,183,392,241,392,38,324,,,,,,,,,,,,,,,,,,,,,
,,25일,3191,1295,519,1351,108,341,40,334,***,496,131,297,119,168,420,250,420,37,341,,,,,,,,,,,,,,,,,,,,,
,,26일,5034,1995,919,1753,268,472,112,431,***,707,180,484,163,315,541,292,541,38,456,,,,,,,,,,,,,,,,,,,,,
,,27일,5217,2024,994,1840,255,475,112,379,***,793,183,588,160,318,536,304,536,38,490,,,,,,,,,,,,,,,,,,,,,
,,28일,5237,2105,929,1856,323,485,101,421,***,750,176,501,161,332,539,341,539,40,520,,,,,,,,,,,,,,,,,,,,,
,,29일,4742,1833,873,1731,246,452,101,338,***,723,167,511,158,313,512,322,512,40,434,,,,,,,,,,,,,,,,,,,,,
,,30일,4933,1876,892,1822,247,467,102,335,***,706,171,479,164,297,525,342,525,39,471,,,,,,,,,,,,,,,,,,,,,
,,평균값,3115,1177,514,1160,121,9944,16,9868,***,9910,9986,9997,7,9981,1,85,1,23,9973,,,,,,,,,,,,,,,,,,,,,
,,최대값,5499,2114,999,1987,331,508,126,496,***,812,210,588,168,333,611,342,611,43,560,,,,,,,,,,,,,,,,,,,,,
,,최소값,1948,696,100,804,11,97,10,102,***,310,42,149,26,68,225,135,225,4,166,,,,,,,,,,,,,,,,,,,,,
,7월,01일,3488,1370,626,1362,130,339,47,280,***,561,132,374,106,190,373,282,373,39,341,,,,,,,,,,,,,,,,,,,,,
,,02일,3214,1299,493,1343,114,317,47,344,***,503,135,275,96,163,392,280,392,11,302,,,,,,,,,,,,,,,,,,,,,
,,03일,6026,2303,1000,2190,304,570,122,502,***,906,204,568,187,381,676,336,676,40,634,,,,,,,,,,,,,,,,,,,,,
,,04일,5302,2150,930,1856,298,503,120,399,***,839,178,533,166,304,564,323,564,37,492,,,,,,,,,,,,,,,,,,,,,
,,05일,5177,2032,907,1849,325,493,109,385,***,783,172,491,156,309,551,307,551,39,520,,,,,,,,,,,,,,,,,,,,,
,,06일,5653,2161,1000,2061,271,524,112,419,***,797,183,603,176,348,622,312,622,39,607,,,,,,,,,,,,,,,,,,,,,
,,07일,5373,2044,970,1949,241,529,114,358,***,792,190,500,171,338,617,337,617,40,512,,,,,,,,,,,,,,,,,,,,,
,,08일,3447,1310,618,1302,126,337,57,272,***,563,143,375,113,183,420,243,420,11,310,,,,,,,,,,,,,,,,,,,,,
,,09일,3364,1324,569,1249,106,313,58,327,***,635,128,377,103,165,389,220,389,26,299,,,,,,,,,,,,,,,,,,,,,
,,10일,5777,2263,1000,2038,278,531,121,461,***,860,214,520,171,392,662,299,662,40,564,,,,,,,,,,,,,,,,,,,,,
,,11일,5231,2081,885,1843,264,499,106,442,***,771,174,471,178,316,585,290,585,37,483,,,,,,,,,,,,,,,,,,,,,
,,12일,5525,2191,988,1967,293,548,111,434,***,803,185,520,174,360,599,309,599,40,566,,,,,,,,,,,,,,,,,,,,,
,,13일,5085,2038,914,1831,291,475,106,318,***,894,178,465,166,342,548,295,548,37,441,,,,,,,,,,,,,,,,,,,,,
,,14일,4975,2008,916,1827,271,481,77,295,***,894,162,465,155,329,534,321,534,37,443,,,,,,,,,,,,,,,,,,,,,
,,15일,3471,1408,620,1259,117,321,49,263,***,749,997,368,100,199,392,234,392,25,295,,,,,,,,,,,,,,,,,,,,,
,,16일,3010,1149,581,1229,103,282,40,278,***,476,118,372,94,147,379,223,379,36,289,,,,,,,,,,,,,,,,,,,,,
,,17일,5108,1992,884,1916,279,455,111,379,***,780,179,478,154,323,590,287,590,40,526,,,,,,,,,,,,,,,,,,,,,
,,18일,4896,1868,883,1792,252,467,96,323,***,736,172,483,135,344,567,300,567,40,458,,,,,,,,,,,,,,,,,,,,,
,,19일,5555,2213,987,2056,285,552,110,388,***,799,195,515,173,369,593,333,593,42,544,,,,,,,,,,,,,,,,,,,,,
,,20일,5610,2176,1000,2083,280,527,116,452,***,850,193,532,173,360,602,382,602,38,563,,,,,,,,,,,,,,,,,,,,,
,,21일,5623,2211,1000,2047,276,544,113,403,***,850,194,508,203,353,630,325,630,44,538,,,,,,,,,,,,,,,,,,,,,
,,22일,3624,1342,715,1338,140,323,53,250,***,635,140,418,135,219,403,261,403,26,318,,,,,,,,,,,,,,,,,,,,,
,,23일,3137,1199,606,1298,112,317,49,272,***,505,123,390,93,161,397,259,397,24,304,,,,,,,,,,,,,,,,,,,,,
,,24일,5721,2180,1000,2129,269,563,119,395,***,802,198,533,211,391,627,348,627,40,571,,,,,,,,,,,,,,,,,,,,,
,,25일,5701,2255,999,2061,269,563,115,442,***,826,218,512,194,357,632,387,632,41,563,,,,,,,,,,,,,,,,,,,,,
,,26일,5916,2381,1000,2179,264,590,114,479,***,956,206,540,972,402,674,350,674,42,636,,,,,,,,,,,,,,,,,,,,,
,,27일,6239,2516,1000,2252,275,647,117,478,***,940,203,553,201,394,688,354,688,43,639,,,,,,,,,,,,,,,,,,,,,
,,28일,6092,2405,1000,2235,295,621,122,443,***,907,211,527,203,369,689,378,689,42,600,,,,,,,,,,,,,,,,,,,,,
,,29일,4111,1581,732,1506,126,416,60,300,***,681,162,420,156,207,466,275,466,38,367,,,,,,,,,,,,,,,,,,,,,
,,30일,3905,1588,700,1555,123,393,67,353,***,652,158,447,118,186,492,283,492,45,367,,,,,,,,,,,,,,,,,,,,,
,,31일,6279,2485,1000,2288,276,596,123,504,***,979,233,624,214,443,694,352,694,41,649,,,,,,,,,,,,,,,,,,,,,
,,평균값,3397,1266,543,1311,129,129,21,169,***,274,62,146,50,146,169,10,169,2,177,,,,,,,,,,,,,,,,,,,,,
,,최대값,6279,2516,1000,2288,325,647,123,504,***,979,997,624,972,443,694,387,694,45,649,,,,,,,,,,,,,,,,,,,,,
,,최소값,2108,755,100,910,64,128,9,102,***,327,10,155,0,69,241,158,241,4,177,,,,,,,,,,,,,,,,,,,,,
,8월,01일,6479,2545,1000,2383,295,650,125,539,***,876,215,572,220,429,714,377,714,44,673,,,,,,,,,,,,,,,,,,,,,
,,02일,6251,2495,1000,2260,298,603,128,506,***,933,216,598,228,393,695,362,695,43,619,,,,,,,,,,,,,,,,,,,,,
,,03일,6275,2493,1000,2275,290,594,137,479,***,999,211,554,231,409,708,357,708,45,646,,,,,,,,,,,,,,,,,,,,,
,,04일,6319,2476,1000,2267,275,612,144,513,***,911,200,548,237,424,723,357,723,45,607,,,,,,,,,,,,,,,,,,,,,
,,05일,4143,1583,825,1554,124,408,58,309,***,687,133,417,155,290,516,298,516,29,357,,,,,,,,,,,,,,,,,,,,,
,,06일,3995,1533,744,1600,137,404,55,372,***,593,133,437,157,238,527,309,527,42,380,,,,,,,,,,,,,,,,,,,,,
,,07일,6685,2598,1000,2419,299,665,154,518,***,995,216,587,224,472,728,396,728,44,677,,,,,,,,,,,,,,,,,,,,,
,,08일,6838,2673,1000,2498,315,657,137,523,***,965,231,656,231,450,744,404,744,44,700,,,,,,,,,,,,,,,,,,,,,
,,09일,6586,2541,1000,2346,314,626,127,502,***,942,222,655,221,433,723,369,723,42,635,,,,,,,,,,,,,,,,,,,,,
,,10일,5088,1972,950,1796,265,454,120,353,***,809,153,482,204,338,547,318,547,39,456,,,,,,,,,,,,,,,,,,,,,
,,11일,5144,1976,952,1855,277,476,107,357,***,795,179,484,168,344,582,310,582,40,498,,,,,,,,,,,,,,,,,,,,,
,,12일,3395,1266,657,1334,109,324,49,277,***,591,114,413,131,203,411,240,411,16,305,,,,,,,,,,,,,,,,,,,,,
,,13일,3511,1317,681,1449,115,340,59,333,***,547,127,426,138,168,436,277,436,27,338,,,,,,,,,,,,,,,,,,,,,
,,14일,6135,2322,1000,2221,313,554,104,473,***,876,205,645,199,432,706,360,706,39,615,,,,,,,,,,,,,,,,,,,,,
,,15일,3937,1478,831,1596,137,406,62,284,***,595,144,458,165,256,477,285,477,41,400,,,,,,,,,,,,,,,,,,,,,
,,16일,5996,2305,1000,2216,289,579,113,406,***,822,200,631,187,391,653,374,653,42,600,,,,,,,,,,,,,,,,,,,,,
,,17일,6257,2491,1000,2153,292,610,98,428,***,999,192,621,205,416,662,351,662,43,616,,,,,,,,,,,,,,,,,,,,,
,,18일,6366,2474,1000,2178,311,599,95,482,***,948,206,639,213,460,684,342,684,47,603,,,,,,,,,,,,,,,,,,,,,
,,19일,4042,1535,765,1495,125,375,47,336,***,684,137,427,143,252,464,272,464,40,394,,,,,,,,,,,,,,,,,,,,,
,,20일,3680,1411,695,1471,114,353,53,337,***,563,144,444,112,186,472,295,472,40,348,,,,,,,,,,,,,,,,,,,,,
,,21일,6404,2524,1000,2261,289,580,141,504,***,969,211,634,220,443,699,366,699,43,641,,,,,,,,,,,,,,,,,,,,,
,,22일,6082,2336,1000,2183,293,604,135,431,***,849,180,625,207,398,717,335,717,43,599,,,,,,,,,,,,,,,,,,,,,
,,23일,5260,2060,988,1838,258,518,101,383,***,867,158,510,205,346,566,306,566,39,512,,,,,,,,,,,,,,,,,,,,,
,,24일,3352,1284,532,1218,168,258,55,182,***,644,125,335,86,136,368,238,368,25,291,,,,,,,,,,,,,,,,,,,,,
,,25일,3333,1185,624,1180,98,276,25,213,***,474,99,362,108,158,373,199,373,6,277,,,,,,,,,,,,,,,,,,,,,
,,26일,***,***,***,***,***,***,***,***,***,***,***,***,***,***,***,***,***,***,***,,,,,,,,,,,,,,,,,,,,,
,,27일,***,***,***,***,***,***,***,***,***,***,***,***,***,***,***,***,***,***,***,,,,,,,,,,,,,,,,,,,,,
,,28일,***,***,***,***,***,***,***,***,***,***,***,***,***,***,***,***,***,***,***,,,,,,,,,,,,,,,,,,,,,
,,29일,***,***,***,***,***,***,***,***,***,***,***,***,***,***,***,***,***,***,***,,,,,,,,,,,,,,,,,,,,,
,,30일,***,***,***,***,***,***,***,***,***,***,***,***,***,***,***,***,***,***,***,,,,,,,,,,,,,,,,,,,,,
,,31일,***,***,***,***,***,***,***,***,***,***,***,***,***,***,***,***,***,***,***,,,,,,,,,,,,,,,,,,,,,
,,평균값,3650,1353,515,1413,138,***,***,***,***,***,***,***,***,***,***,***,***,***,***,,,,,,,,,,,,,,,,,,,,,
,,최대값,6838,2673,1000,2498,315,665,154,539,***,999,231,656,237,472,744,404,744,47,700,,,,,,,,,,,,,,,,,,,,,
,,최소값,2205,794,100,965,71,138,11,108,***,100,67,172,27,72,272,183,272,4,190,,,,,,,,,,,,,,,,,,,,,
,9월,01일,5455,23186,2281,2868,1826,1934,1717,1937,***,2284,1802,1987,1778,1888,2055,1858,2055,1679,1968,,,,,,,,,,,,,,,,,,,,,
,,02일,6861,24592,3688,4275,3232,3340,3123,3343,***,3690,3208,3394,3185,3295,3462,3265,3462,3086,3374,,,,,,,,,,,,,,,,,,,,,
,,03일,8268,25999,5094,5681,4639,4747,4530,4749,***,5096,4614,4800,4591,4701,4868,4671,4868,4492,4781,,,,,,,,,,,,,,,,,,,,,
,,04일,9674,27405,6500,7087,6045,6153,5936,6156,***,6503,6021,6206,5997,6107,6274,6077,6274,5898,6187,,,,,,,,,,,,,,,,,,,,,
,,05일,10000,28811,7907,8494,7451,7559,7342,7562,***,7909,7427,7613,7404,7514,7681,7484,7681,7305,7593,,,,,,,,,,,,,,,,,,,,,
,,06일,2486,30217,9313,9900,8857,8965,8748,8968,***,9315,8833,9019,8810,8920,9087,8890,9087,8711,9000,,,,,,,,,,,,,,,,,,,,,
,,07일,3892,31624,10000,10000,10000,10000,10000,10000,***,10000,10000,10000,10000,10000,10000,10000,10000,10000,10000,,,,,,,,,,,,,,,,,,,,,
,,08일,5299,33031,2125,2712,1670,1778,1561,1781,***,2127,1645,1831,1622,1732,1899,1702,1899,1523,1812,,,,,,,,,,,,,,,,,,,,,
,,09일,6706,34438,3533,4119,3077,3185,2968,3188,***,3535,3053,3238,3029,3139,3306,3109,3306,2930,3219,,,,,,,,,,,,,,,,,,,,,
,,10일,8113,35845,4940,5527,4484,4592,4375,4595,***,4942,4460,4646,4437,4547,4714,4517,4714,4338,4627,,,,,,,,,,,,,,,,,,,,,
,,11일,9521,37253,6347,6934,5892,6000,5783,6003,***,6350,5868,6053,5844,5954,6121,5924,6121,5745,6034,,,,,,,,,,,,,,,,,,,,,
,,12일,10000,38660,7755,8342,7299,7407,7190,7410,***,7757,7275,7461,7252,7362,7529,7332,7529,7153,7441,,,,,,,,,,,,,,,,,,,,,
,,13일,2334,40067,9162,9749,8706,8814,8597,8817,***,9164,8682,8868,8659,8769,8936,8739,8936,8560,8849,,,,,,,,,,,,,,,,,,,,,
,,14일,3742,41475,10000,10000,10000,10000,10000,10000,***,10000,10000,10000,10000,10000,10000,10000,10000,9967,10000,,,,,,,,,,,,,,,,,,,,,
,,15일,5146,42879,1972,2559,1517,1625,1408,1628,***,1975,1493,1678,1469,1579,1746,1549,1746,10000,1659,,,,,,,,,,,,,,,,,,,,,
,,16일,6553,44286,3380,3967,2924,3032,2815,3035,***,3382,2900,3086,2877,2987,3154,2957,3154,2778,3067,,,,,,,,,,,,,,,,,,,,,
,,17일,7958,45691,4785,5372,4329,4437,4220,4440,***,4787,4305,4491,4282,4392,4558,4361,4558,4182,4471,,,,,,,,,,,,,,,,,,,,,
,,18일,9366,47099,6192,6779,5736,5844,5627,5847,***,6194,5712,5898,5689,5799,5966,5769,5966,5590,5879,,,,,,,,,,,,,,,,,,,,,
,,19일,10000,48506,7600,8186,7144,7252,7035,7255,***,7602,7120,7306,7096,7206,7373,7176,7373,6997,7286,,,,,,,,,,,,,,,,,,,,,
,,20일,2180,49913,9007,9594,8551,8659,8442,8662,***,9009,8527,8713,8504,8614,8781,8584,8781,8405,8694,,,,,,,,,,,,,,,,,,,,,
,,21일,3587,51321,10000,10000,9959,10000,9850,10000,***,10000,9935,10000,9911,10000,10000,9991,10000,9812,10000,,,,,,,,,,,,,,,,,,,,,
,,22일,4994,52728,1821,2408,10000,1473,10000,1476,***,1823,10000,1527,10000,1428,1595,10000,1595,10000,1508,,,,,,,,,,,,,,,,,,,,,
,,23일,6402,54136,3229,3816,2773,2881,2664,2884,***,3231,2749,2935,2726,2836,3003,2805,3002,2626,2915,,,,,,,,,,,,,,,,,,,,,
,,24일,7810,55544,4636,5223,4181,4289,4071,4291,***,4638,4156,4342,4133,4243,4410,4213,4410,4034,4323,,,,,,,,,,,,,,,,,,,,,
,,25일,9217,56951,6044,6630,5588,5696,5479,5699,***,6046,5564,5749,5540,5650,5817,5620,5817,5441,5730,,,,,,,,,,,,,,,,,,,,,
,,26일,10000,58358,7451,8038,6995,7103,6886,7106,***,7453,6971,7157,6948,7058,7225,7028,7225,6849,7138,,,,,,,,,,,,,,,,,,,,,
,,27일,2031,59766,8859,9445,8403,8511,8294,8514,***,8861,8379,8565,8356,8466,8632,8435,8632,8256,8545,,,,,,,,,,,,,,,,,,,,,
,,28일,3439,61174,10000,10000,9811,9919,9702,9921,***,10000,9786,9972,9763,9873,10000,9843,10000,9664,9953,,,,,,,,,,,,,,,,,,,,,
,,29일,4846,62581,1673,2259,10000,10000,10000,10000,***,1675,10000,10000,10000,10000,1446,10000,1446,10000,10000,,,,,,,,,,,,,,,,,,,,,
,,30일,6254,63988,3080,3667,2624,2732,2515,2735,***,3082,2600,2786,2577,2687,2854,2657,2854,2478,2767,,,,,,,,,,,,,,,,,,,,,
,,평균값,5008,42881,4842,4873,4818,2732,2515,2735,***,3082,2600,2786,2577,2687,2854,2657,2854,2478,2767,,,,,,,,,,,,,,,,,,,,,
,,최대값,10000,63988,10000,10000,10000,10000,10000,10000,***,10000,10000,10000,10000,10000,10000,10000,10000,10000,10000,,,,,,,,,,,,,,,,,,,,,
,,최소값,0,21780,0,0,0,0,0,0,***,0,0,0,0,0,0,0,0,0,0,,,,,,,,,,,,,,,,,,,,,
,10월,01일,3333,1185,624,1180,98,276,25,213,***,474,99,362,108,158,373,199,373,6,277,,,,,,,,,,,,,,,,,,,,,
,,02일,3333,1185,624,1180,98,276,25,213,***,474,99,362,108,158,373,199,373,6,277,,,,,,,,,,,,,,,,,,,,,
,,03일,3333,1185,624,1180,98,276,25,213,***,474,99,362,108,158,373,199,373,6,277,,,,,,,,,,,,,,,,,,,,,
,,04일,3333,1185,624,1180,98,276,25,213,***,474,99,362,108,158,373,199,373,6,277,,,,,,,,,,,,,,,,,,,,,
,,05일,3333,1185,624,1180,98,276,25,213,***,474,99,362,108,158,373,199,373,6,277,,,,,,,,,,,,,,,,,,,,,
,,06일,3333,1185,624,1180,98,276,25,213,***,474,99,362,108,158,373,199,373,6,277,,,,,,,,,,,,,,,,,,,,,
,,07일,3333,1185,624,1180,98,276,25,213,***,474,99,362,108,158,373,199,373,6,277,,,,,,,,,,,,,,,,,,,,,
,,08일,3333,1185,624,1180,98,276,25,213,***,474,99,362,108,158,373,199,373,6,277,,,,,,,,,,,,,,,,,,,,,
,,09일,3333,1185,624,1180,98,276,25,213,***,474,99,362,108,158,373,199,373,6,277,,,,,,,,,,,,,,,,,,,,,
,,10일,3333,1185,624,1180,98,276,25,213,***,474,99,362,108,158,373,199,373,6,277,,,,,,,,,,,,,,,,,,,,,
,,11일,3333,1185,624,1180,98,276,25,213,***,474,99,362,108,158,373,199,373,6,277,,,,,,,,,,,,,,,,,,,,,
,,12일,3333,1185,624,1180,98,276,25,213,***,474,99,362,108,158,373,199,373,6,277,,,,,,,,,,,,,,,,,,,,,
,,13일,3333,1185,624,1180,98,276,25,213,***,474,99,362,108,158,373,199,373,6,277,,,,,,,,,,,,,,,,,,,,,
,,14일,3333,1185,624,1180,98,276,25,213,***,474,99,362,108,158,373,199,373,6,277,,,,,,,,,,,,,,,,,,,,,
,,15일,3333,1185,624,1180,98,276,25,213,***,474,99,362,108,158,373,199,373,6,277,,,,,,,,,,,,,,,,,,,,,
,,16일,3333,1185,624,1180,98,276,25,213,***,474,99,362,108,158,373,199,373,6,277,,,,,,,,,,,,,,,,,,,,,
,,17일,3333,1185,624,1180,98,276,25,213,***,474,99,362,108,158,373,199,373,6,277,,,,,,,,,,,,,,,,,,,,,
,,18일,3333,1185,624,1180,98,276,25,213,***,474,99,362,108,158,373,199,373,6,277,,,,,,,,,,,,,,,,,,,,,
,,19일,3333,1185,624,1180,98,276,25,213,***,474,99,362,108,158,373,199,373,6,277,,,,,,,,,,,,,,,,,,,,,
,,20일,3333,1185,624,1180,98,276,25,213,***,474,99,362,108,158,373,199,373,6,277,,,,,,,,,,,,,,,,,,,,,
,,21일,3333,1185,624,1180,98,276,49,213,***,474,122,362,108,158,373,215,373,16,277,,,,,,,,,,,,,,,,,,,,,
,,22일,2515,923,464,1111,91,195,47,164,***,412,119,328,112,112,298,227,298,20,221,,,,,,,,,,,,,,,,,,,,,
,,23일,3765,1443,627,1413,230,258,83,251,***,635,161,321,132,236,400,227,400,29,346,,,,,,,,,,,,,,,,,,,,,
,,24일,3698,1419,616,1396,209,262,82,250,***,591,157,315,144,236,387,238,387,20,348,,,,,,,,,,,,,,,,,,,,,
,,25일,3724,1424,615,1333,211,257,81,255,***,599,181,336,141,232,386,249,386,23,345,,,,,,,,,,,,,,,,,,,,,
,,26일,3648,1413,606,1340,198,251,102,251,***,612,154,332,146,219,410,255,410,25,341,,,,,,,,,,,,,,,,,,,,,
,,27일,3428,1286,598,1254,198,233,72,236,***,564,147,332,131,221,354,262,354,34,301,,,,,,,,,,,,,,,,,,,,,
,,28일,2534,959,421,943,91,170,45,204,***,454,108,253,84,121,277,190,277,19,209,,,,,,,,,,,,,,,,,,,,,
,,29일,***,***,***,***,***,***,***,***,***,***,***,***,***,***,***,***,***,***,***,,,,,,,,,,,,,,,,,,,,,
,,30일,***,***,***,***,***,***,***,***,***,***,***,***,***,***,***,***,***,***,***,,,,,,,,,,,,,,,,,,,,,
,,31일,***,***,***,***,***,***,***,***,***,***,***,***,***,***,***,***,***,***,***,,,,,,,,,,,,,,,,,,,,,
,,평균값,3134,1118,568,1132,99,***,***,***,***,***,***,***,***,***,***,***,***,***,***,,,,,,,,,,,,,,,,,,,,,
,,최대값,3765,1443,627,1413,230,276,102,255,***,635,181,362,146,236,410,262,410,34,348,,,,,,,,,,,,,,,,,,,,,
,,최소값,1774,636,256,724,62,93,11,85,***,289,48,144,29,64,200,135,200,6,152,,,,,,,,,,,,,,,,,,,,,
,11월,01일,3831,1435,643,1430,221,273,74,265,***,594,166,341,139,226,382,266,382,22,373,,,,,,,,,,,,,,,,,,,,,
,,02일,3904,1409,656,1514,235,266,84,243,***,576,162,357,143,234,409,279,409,24,353,,,,,,,,,,,,,,,,,,,,,
,,03일,3507,1336,639,1319,211,245,71,246,***,564,161,328,135,223,364,262,364,34,304,,,,,,,,,,,,,,,,,,,,,
,,04일,2715,960,436,1031,109,173,50,192,***,446,116,254,98,135,297,213,297,17,228,,,,,,,,,,,,,,,,,,,,,
,,05일,2411,891,415,1046,96,181,58,163,***,399,125,249,95,106,302,207,302,18,235,,,,,,,,,,,,,,,,,,,,,
,,06일,3797,1463,651,1346,284,261,72,282,***,538,179,329,113,250,411,240,411,24,373,,,,,,,,,,,,,,,,,,,,,
,,07일,3688,1402,672,1387,224,270,73,262,***,539,180,347,130,271,400,226,400,29,358,,,,,,,,,,,,,,,,,,,,,
,,08일,3816,1468,669,1369,292,263,73,285,***,536,182,333,150,260,391,270,391,43,379,,,,,,,,,,,,,,,,,,,,,
,,09일,3812,1457,641,1426,245,279,62,278,***,568,187,338,124,256,428,306,428,29,355,,,,,,,,,,,,,,,,,,,,,
,,10일,3935,1480,672,1456,262,276,88,297,***,572,193,320,150,275,406,283,406,50,418,,,,,,,,,,,,,,,,,,,,,
,,11일,2945,1249,510,1089,131,264,50,342,***,479,136,264,184,171,301,214,301,46,251,,,,,,,,,,,,,,,,,,,,,
,,12일,2964,1168,517,1184,121,283,67,264,***,539,142,278,142,155,337,235,337,30,305,,,,,,,,,,,,,,,,,,,,,
,,13일,5539,2374,992,1906,295,464,141,657,***,763,254,407,215,467,620,288,620,57,641,,,,,,,,,,,,,,,,,,,,,
,,14일,5532,2312,994,1945,294,516,95,639,***,735,287,411,231,995,556,293,556,61,665,,,,,,,,,,,,,,,,,,,,,
,,15일,5397,2300,995,1774,287,526,121,649,***,679,258,383,224,442,498,276,498,48,630,,,,,,,,,,,,,,,,,,,,,
,,16일,5242,2252,940,1861,293,526,107,577,***,744,265,404,203,413,555,297,555,54,607,,,,,,,,,,,,,,,,,,,,,
,,17일,5208,2185,935,1870,287,519,92,553,***,701,230,360,218,448,558,282,558,61,611,,,,,,,,,,,,,,,,,,,,,
,,18일,3893,1734,755,1294,130,357,70,448,***,990,174,337,129,323,379,219,379,24,393,,,,,,,,,,,,,,,,,,,,,
,,19일,***,***,***,***,***,***,***,***,***,***,***,***,***,***,***,***,***,***,***,,,,,,,,,,,,,,,,,,,,,
,,20일,***,***,***,***,***,***,***,***,***,***,***,***,***,***,***,***,***,***,***,,,,,,,,,,,,,,,,,,,,,
,,21일,5238,2249,946,1750,309,533,89,609,***,640,238,368,213,421,551,245,551,51,608,,,,,,,,,,,,,,,,,,,,,
,,22일,5036,2182,913,1682,279,478,95,602,***,701,239,367,216,418,498,239,498,60,603,,,,,,,,,,,,,,,,,,,,,
,,23일,4657,1930,869,1581,280,433,99,479,***,630,231,363,192,383,471,237,471,47,549,,,,,,,,,,,,,,,,,,,,,
,,24일,5339,2292,983,1809,298,518,127,600,***,798,239,375,206,472,566,250,566,49,584,,,,,,,,,,,,,,,,,,,,,
,,25일,3886,1748,646,1384,174,411,81,561,***,710,176,308,157,263,445,219,445,23,386,,,,,,,,,,,,,,,,,,,,,
,,26일,3600,1494,588,1458,107,392,59,377,***,566,192,304,160,214,456,225,456,35,396,,,,,,,,,,,,,,,,,,,,,
,,27일,5859,2538,1000,1900,309,554,110,747,***,769,267,397,257,484,583,261,583,69,652,,,,,,,,,,,,,,,,,,,,,
,,28일,5844,2615,1000,2031,307,596,113,708,***,860,279,401,232,507,610,262,610,66,738,,,,,,,,,,,,,,,,,,,,,
,,29일,6019,2650,1000,2051,323,612,103,728,***,872,318,403,240,507,639,280,639,62,723,,,,,,,,,,,,,,,,,,,,,
,,30일,6580,2924,1000,2173,349,639,126,823,***,908,313,441,262,585,673,287,673,75,748,,,,,,,,,,,,,,,,,,,,,
,,평균값,3245,1241,527,1191,136,***,***,***,***,***,***,***,***,***,***,***,***,***,***,,,,,,,,,,,,,,,,,,,,,
,,최대값,6580,2924,1000,2173,349,639,141,823,***,990,318,441,262,995,673,306,673,75,748,,,,,,,,,,,,,,,,,,,,,
,,최소값,1916,671,100,787,65,94,11,97,***,100,50,162,34,10,192,134,192,8,164,,,,,,,,,,,,,,,,,,,,,
,12월,01일,6072,2596,1000,2030,315,555,153,716,***,889,271,408,257,555,624,269,624,77,635,,,,,,,,,,,,,,,,,,,,,
,,02일,3890,1960,785,1387,148,440,89,536,***,925,172,338,189,318,472,216,472,56,419,,,,,,,,,,,,,,,,,,,,,
,,03일,3924,1927,734,1547,234,451,82,440,***,930,214,362,204,310,475,233,475,49,435,,,,,,,,,,,,,,,,,,,,,
,,04일,5939,2621,1000,2036,315,570,135,759,***,741,289,384,225,518,600,273,600,73,678,,,,,,,,,,,,,,,,,,,,,
,,05일,5645,2407,998,1925,317,503,124,668,***,739,285,395,218,467,556,262,556,61,653,,,,,,,,,,,,,,,,,,,,,
,,06일,5540,2330,938,1939,297,488,128,579,***,809,271,370,217,471,553,252,553,53,616,,,,,,,,,,,,,,,,,,,,,
,,07일,5055,2197,909,1730,323,455,120,550,***,721,250,361,210,432,516,240,516,57,560,,,,,,,,,,,,,,,,,,,,,
,,08일,4365,1950,779,1454,262,391,113,440,***,703,210,318,154,379,425,226,425,57,427,,,,,,,,,,,,,,,,,,,,,
,,09일,2967,9938,512,1166,140,303,68,309,***,470,152,264,102,209,358,192,358,30,306,,,,,,,,,,,,,,,,,,,,,
,,10일,2974,1233,518,1195,116,279,72,307,***,473,160,248,144,170,366,194,366,25,330,,,,,,,,,,,,,,,,,,,,,
,,11일,4793,1998,795,1781,286,467,119,480,***,629,246,352,176,358,537,288,537,56,569,,,,,,,,,,,,,,,,,,,,,
,,12일,4975,2218,870,1743,281,463,120,519,***,810,253,369,199,380,540,281,540,52,570,,,,,,,,,,,,,,,,,,,,,
,,13일,4756,1860,847,1815,296,404,131,470,***,649,247,350,213,421,560,276,560,56,535,,,,,,,,,,,,,,,,,,,,,
,,14일,4946,1991,849,1786,286,452,103,552,***,670,265,343,162,404,551,272,551,59,537,,,,,,,,,,,,,,,,,,,,,
,,15일,4807,2016,853,1654,280,446,124,497,***,679,248,362,177,398,533,233,533,35,538,,,,,,,,,,,,,,,,,,,,,
,,16일,3866,9941,717,1323,194,386,86,454,***,786,172,328,159,290,443,205,443,41,358,,,,,,,,,,,,,,,,,,,,,
,,17일,3898,1708,697,1358,110,332,77,477,***,703,174,321,191,244,523,1000,523,43,375,,,,,,,,,,,,,,,,,,,,,
,,18일,***,***,***,***,***,***,***,***,***,***,***,***,***,***,***,***,***,***,***,,,,,,,,,,,,,,,,,,,,,
,,19일,6819,2915,1000,2425,427,663,128,747,***,917,303,437,243,560,765,990,765,72,744,,,,,,,,,,,,,,,,,,,,,
,,20일,6957,3117,1000,2473,373,720,158,755,***,1000,320,418,255,558,771,328,771,80,782,,,,,,,,,,,,,,,,,,,,,
,,21일,7561,3262,1000,2571,400,677,178,828,***,999,356,437,316,630,773,348,773,88,824,,,,,,,,,,,,,,,,,,,,,
,,22일,6848,2906,1000,2334,384,609,167,769,***,933,349,450,284,642,744,343,744,82,767,,,,,,,,,,,,,,,,,,,,,
,,23일,3940,1634,731,1561,131,404,77,418,***,572,208,324,178,307,499,269,499,66,401,,,,,,,,,,,,,,,,,,,,,
,,24일,3400,1371,625,1311,117,344,69,363,***,538,182,316,171,208,422,228,422,44,341,,,,,,,,,,,,,,,,,,,,,
,,25일,3587,1343,646,1433,1000,328,82,308,***,531,180,307,183,244,456,253,456,41,339,,,,,,,,,,,,,,,,,,,,,
,,26일,6401,2774,1000,2160,391,634,135,747,***,897,289,417,295,518,688,371,688,86,620,,,,,,,,,,,,,,,,,,,,,
,,27일,6056,2635,1000,2058,366,530,147,692,***,836,290,382,278,505,659,340,659,70,642,,,,,,,,,,,,,,,,,,,,,
,,28일,5737,2493,1000,2020,352,603,138,640,***,802,311,403,239,495,656,332,656,57,620,,,,,,,,,,,,,,,,,,,,,
,,29일,4294,1796,787,1628,126,429,114,472,***,637,223,337,192,337,507,301,507,62,432,,,,,,,,,,,,,,,,,,,,,
,,30일,3436,1369,676,1237,100,348,60,382,***,554,172,291,157,287,384,262,384,30,309,,,,,,,,,,,,,,,,,,,,,
,,31일,3155,1298,544,1237,100,279,66,358,***,518,180,294,128,198,372,253,372,59,302,,,,,,,,,,,,,,,,,,,,,
,,평균값,3599,1403,555,1325,140,9640,9940,9535,***,9610,9867,9853,9866,9612,9699,9966,9699,9984,9555,,,,,,,,,,,,,,,,,,,,,
,,최대값,7561,9941,1000,2571,1000,720,178,828,***,1000,356,450,316,642,773,1000,773,88,824,,,,,,,,,,,,,,,,,,,,,
,,최소값,1958,100,100,770,10,98,10,101,***,100,0,155,10,81,229,0,229,10,172,,,,,,,,,,,,,,,,,,,,,